chr	start	stop	sequence	pam	strand	context	tscripts	rs3_z_score	rs3_percentile	rs3_score_norm	specificity	combined_score
chr21	21338521	21338522	GATGGCTTCACGTTCACTGA	NGG	+	CTGTGGATGGCTTCACGTTCACTGAAGGCG	ENST00000400546.6,ENST00000284894.8	1.143	0.873	1.0	1.0	1.0
chr21	21373867	21373868	CGATGTAAACAGAGCCTGGA	NGG	+	TGAATCGATGTAAACAGAGCCTGGACGGCC	ENST00000400546.6,ENST00000284894.8	0.85	0.802	0.916	1.0	0.9437200000000001
chr21	20998593	20998594	TACTGACAAGCAACCCCAGC	NGG	-	CCCGCTACTGACAAGCAACCCCAGCAGGTA	ENST00000400546.6	0.753	0.774	0.889	1.0	0.92563
chr21	21338462	21338463	CACTCGTATGTGATGCGGAA	NGG	+	AGTCACACTCGTATGTGATGCGGAAGGGGA	ENST00000400546.6,ENST00000284894.8	0.731	0.768	0.882	1.0	0.9209400000000001
chr21	21373885	21373886	GACGGCCGTATCGAAGTCAA	NGG	+	GCCTGGACGGCCGTATCGAAGTCAAAGGGC	ENST00000400546.6,ENST00000284894.8	0.456	0.676	0.804	1.0	0.8686800000000001
chr21	21335607	21335608	ATGGTGGTCCTTATGTCTGC	NGG	+	TAGTGATGGTGGTCCTTATGTCTGCAGGGC	ENST00000400546.6,ENST00000284894.8	0.663	0.746	0.863	0.864	0.8633299999999999
chr21	21324382	21324383	GAGATTGCTGGCGGCACTGA	NGG	-	GCATTGAGATTGCTGGCGGCACTGAAGGAG	ENST00000400546.6,ENST00000284894.8	0.411	0.659	0.791	1.0	0.8599700000000001
chr21	21373975	21373976	GAAGCTGCAAGCAGAATTGG	NGG	+	ACTGTGAAGCTGCAAGCAGAATTGGAGGGC	ENST00000400546.6,ENST00000284894.8	0.843	0.8	0.914	0.749	0.85955
chr21	21373886	21373887	ACGGCCGTATCGAAGTCAAA	NGG	+	CCTGGACGGCCGTATCGAAGTCAAAGGGCA	ENST00000400546.6,ENST00000284894.8	0.321	0.626	0.765	1.0	0.8425500000000001
chr21	20998613	20998614	TTGCTTGTCAGTAGCGGGCA	NGG	+	TGGGGTTGCTTGTCAGTAGCGGGCAAGGTA	ENST00000400546.6	0.303	0.619	0.76	1.0	0.8392
chr21	21335568	21335569	GCAATACAGAACTCACTGTC	NGG	+	AGGGAGCAATACAGAACTCACTGTCAGGAA	ENST00000400546.6,ENST00000284894.8	0.303	0.619	0.76	1.0	0.8392
chr21	21324487	21324488	TACCTGAACCAGGAGATGGC	NGG	-	TAACCTACCTGAACCAGGAGATGGCGGGTT	ENST00000400546.6,ENST00000284894.8	0.592	0.723	0.843	0.785	0.82386
chr21	21373976	21373977	AAGCTGCAAGCAGAATTGGA	NGG	+	CTGTGAAGCTGCAAGCAGAATTGGAGGGCA	ENST00000400546.6,ENST00000284894.8	0.581	0.719	0.839	0.781	0.81986
chr21	21324491	21324492	AACCTACCTGAACCAGGAGA	NGG	-	TGCATAACCTACCTGAACCAGGAGATGGCG	ENST00000400546.6,ENST00000284894.8	0.621	0.733	0.851	0.737	0.8133800000000001
chr21	21335591	21335592	AACATAATCAATAGTGATGG	NGG	+	TCAGGAACATAATCAATAGTGATGGTGGTC	ENST00000400546.6,ENST00000284894.8	0.772	0.78	0.894	0.632	0.8075400000000001
chr21	20998586	20998587	AAGCAACCCCAGCAGGTAGA	NGG	-	CTGACAAGCAACCCCAGCAGGTAGAAGGAG	ENST00000400546.6	0.429	0.666	0.796	0.778	0.79006
chr21	21338461	21338462	ACACTCGTATGTGATGCGGA	NGG	+	AAGTCACACTCGTATGTGATGCGGAAGGGG	ENST00000400546.6,ENST00000284894.8	0.515	0.697	0.821	0.722	0.78833
chr21	21338486	21338487	AGCCTATTCCAGAAATCACT	NGG	+	AGGGGAGCCTATTCCAGAAATCACTTGGAA	ENST00000400546.6,ENST00000284894.8	0.23	0.591	0.739	0.851	0.77596
chr21	20998608	20998609	TGGGGTTGCTTGTCAGTAGC	NGG	+	CCTGCTGGGGTTGCTTGTCAGTAGCGGGCA	ENST00000400546.6	-0.04	0.484	0.662	1.0	0.7735400000000001
chr21	21292190	21292191	CAGATGTGAAGGAAGAGTGG	NGG	+	ATATACAGATGTGAAGGAAGAGTGGAGGCC	ENST00000400546.6,ENST00000284894.8	0.855	0.804	0.918	0.455	0.7652100000000001
chr21	21335624	21335625	TGCAGGGCCACAAATAAGGC	NGG	+	ATGTCTGCAGGGCCACAAATAAGGCAGGAG	ENST00000400546.6,ENST00000284894.8	0.007	0.503	0.676	0.931	0.7601500000000001
chr21	21324499	21324500	CGCCATCTCCTGGTTCAGGT	NGG	+	GAACCCGCCATCTCCTGGTTCAGGTAGGTT	ENST00000400546.6,ENST00000284894.8	-0.116	0.454	0.64	1.0	0.7588
chr21	21335588	21335589	AGGAACATAATCAATAGTGA	NGG	+	CTGTCAGGAACATAATCAATAGTGATGGTG	ENST00000400546.6,ENST00000284894.8	0.603	0.727	0.846	0.579	0.75789
chr21	20998563	20998564	AGAGGAGGAGGCTCATGTTC	NGG	-	GAAGGAGAGGAGGAGGCTCATGTTCAGGAC	ENST00000400546.6	-0.031	0.488	0.665	0.946	0.75773
chr21	21335605	21335606	TTTGTGGCCCTGCAGACATA	NGG	-	CCTTATTTGTGGCCCTGCAGACATAAGGAC	ENST00000400546.6,ENST00000284894.8	-0.042	0.483	0.662	0.947	0.7560500000000001
chr21	21373863	21373864	GAATCGATGTAAACAGAGCC	NGG	+	TTCCTGAATCGATGTAAACAGAGCCTGGAC	ENST00000400546.6,ENST00000284894.8	0.041	0.516	0.685	0.9	0.7559500000000001
chr21	20998581	20998582	ACCCCAGCAGGTAGAAGGAG	NGG	-	AAGCAACCCCAGCAGGTAGAAGGAGAGGAG	ENST00000400546.6	0.672	0.749	0.865	0.528	0.75379
chr21	21338457	21338458	AGTCACACTCGTATGTGATG	NGG	+	GGTCAAGTCACACTCGTATGTGATGCGGAA	ENST00000400546.6,ENST00000284894.8	-0.144	0.443	0.632	1.0	0.7534400000000001
chr21	21324497	21324498	GTGCATAACCTACCTGAACC	NGG	-	GGGGGGTGCATAACCTACCTGAACCAGGAG	ENST00000400546.6,ENST00000284894.8	-0.166	0.434	0.626	1.0	0.74942
chr21	21373894	21373895	ATCGAAGTCAAAGGGCAGCA	NGG	+	GCCGTATCGAAGTCAAAGGGCAGCATGGAA	ENST00000400546.6,ENST00000284894.8	-0.176	0.43	0.623	0.971	0.73784
chr21	20998588	20998589	CCTCCTCTCCTTCTACCTGC	NGG	+	AGCCTCCTCCTCTCCTTCTACCTGCTGGGG	ENST00000400546.6	0.29	0.614	0.756	0.648	0.7203600000000001
chr21	21292195	21292196	GTGAAGGAAGAGTGGAGGCC	NGG	+	CAGATGTGAAGGAAGAGTGGAGGCCAGGGG	ENST00000400546.6,ENST00000284894.8	0.582	0.72	0.84	0.458	0.71394
chr21	21324391	21324392	TGAGGCATTGAGATTGCTGG	NGG	-	ATTTCTGAGGCATTGAGATTGCTGGCGGCA	ENST00000400546.6,ENST00000284894.8	0.527	0.701	0.824	0.471	0.7075100000000001
chr21	21335543	21335544	AATGAGAAGTACATATTGAA	NGG	+	AAGAAAATGAGAAGTACATATTGAAAGGGA	ENST00000400546.6,ENST00000284894.8	-0.16	0.436	0.628	0.862	0.70522
chr21	21324488	21324489	CTACCTGAACCAGGAGATGG	NGG	-	ATAACCTACCTGAACCAGGAGATGGCGGGT	ENST00000400546.6,ENST00000284894.8	0.536	0.704	0.827	0.439	0.69896
chr21	21324489	21324490	CTCCAGAACCCGCCATCTCC	NGG	+	AGGCTCTCCAGAACCCGCCATCTCCTGGTT	ENST00000400546.6,ENST00000284894.8	-0.431	0.333	0.55	1.0	0.6985000000000001
chr21	20998607	20998608	CTGGGGTTGCTTGTCAGTAG	NGG	+	ACCTGCTGGGGTTGCTTGTCAGTAGCGGGC	ENST00000400546.6	-0.284	0.388	0.592	0.903	0.6946300000000001
chr21	21335658	21335659	AATACTTACCAAAGACTTGG	NGG	-	GCTATAATACTTACCAAAGACTTGGAGGAA	ENST00000400546.6,ENST00000284894.8	0.134	0.553	0.712	0.643	0.68923
chr21	21335608	21335609	TGGTGGTCCTTATGTCTGCA	NGG	+	AGTGATGGTGGTCCTTATGTCTGCAGGGCC	ENST00000400546.6,ENST00000284894.8	-0.365	0.358	0.569	0.929	0.6878
chr21	21292203	21292204	ACGGAAGTCAATTTCTCCCC	NGG	-	ATATCACGGAAGTCAATTTCTCCCCTGGCC	ENST00000400546.6,ENST00000284894.8	0.118	0.547	0.707	0.603	0.67268
chr21	21335620	21335621	TGTCTGCAGGGCCACAAATA	NGG	+	CCTTATGTCTGCAGGGCCACAAATAAGGCA	ENST00000400546.6,ENST00000284894.8	-0.563	0.287	0.513	0.983	0.6681
chr21	21324495	21324496	AACCCGCCATCTCCTGGTTC	NGG	+	TCCAGAACCCGCCATCTCCTGGTTCAGGTA	ENST00000400546.6,ENST00000284894.8	-0.472	0.318	0.539	0.925	0.6663800000000001
chr21	21335544	21335545	ATGAGAAGTACATATTGAAA	NGG	+	AGAAAATGAGAAGTACATATTGAAAGGGAG	ENST00000400546.6,ENST00000284894.8	0.017	0.507	0.678	0.622	0.6595200000000001
chr21	20998617	20998618	TTGTCAGTAGCGGGCAAGGT	NGG	+	GTTGCTTGTCAGTAGCGGGCAAGGTAGGAG	ENST00000400546.6	0.346	0.635	0.772	0.424	0.65716
chr21	21373972	21373973	TGTGAAGCTGCAAGCAGAAT	NGG	+	ATGACTGTGAAGCTGCAAGCAGAATTGGAG	ENST00000400546.6,ENST00000284894.8	-0.507	0.306	0.529	0.914	0.65605
chr21	21338529	21338530	CACGTTCACTGAAGGCGATA	NGG	+	GGCTTCACGTTCACTGAAGGCGATAAGGTA	ENST00000400546.6,ENST00000284894.8	-0.672	0.251	0.482	1.0	0.6529400000000001
chr21	21338463	21338464	ACTCGTATGTGATGCGGAAG	NGG	+	GTCACACTCGTATGTGATGCGGAAGGGGAG	ENST00000400546.6,ENST00000284894.8	-0.741	0.229	0.462	1.0	0.63954
chr21	21373871	21373872	TGACTTCGATACGGCCGTCC	NGG	-	CCCTTTGACTTCGATACGGCCGTCCAGGCT	ENST00000400546.6,ENST00000284894.8	-0.757	0.225	0.457	1.0	0.63619
chr21	20998575	20998576	GCAGGTAGAAGGAGAGGAGG	NGG	-	CCCCAGCAGGTAGAAGGAGAGGAGGAGGCT	ENST00000400546.6	0.511	0.695	0.819	0.199	0.6144000000000001
chr21	21324481	21324482	AACCAGGAGATGGCGGGTTC	NGG	-	ACCTGAACCAGGAGATGGCGGGTTCTGGAG	ENST00000400546.6,ENST00000284894.8	-0.535	0.296	0.521	0.764	0.6011900000000001
chr21	20998578	20998579	CCAGCAGGTAGAAGGAGAGG	NGG	-	CAACCCCAGCAGGTAGAAGGAGAGGAGGAG	ENST00000400546.6	0.161	0.564	0.72	0.359	0.60087
chr21	21338503	21338504	ACTTGGAAAAGAGCTGTGGA	NGG	+	AAATCACTTGGAAAAGAGCTGTGGATGGCT	ENST00000400546.6,ENST00000284894.8	-0.012	0.495	0.67	0.456	0.59938
chr21	21292197	21292198	GAAGGAAGAGTGGAGGCCAG	NGG	+	GATGTGAAGGAAGAGTGGAGGCCAGGGGAG	ENST00000400546.6,ENST00000284894.8	0.153	0.561	0.717	0.359	0.59886
chr21	21410283	21410284	TTGGTTTGATATAAACTTGG	NGG	-	ATTGTTTGGTTTGATATAAACTTGGGGGCA	ENST00000400546.6,ENST00000284894.8	-0.551	0.291	0.516	0.767	0.59883
chr21	21410302	21410303	CCCAAGAGTAATAAATTGTT	NGG	-	TCCTTCCCAAGAGTAATAAATTGTTTGGTT	ENST00000400546.6,ENST00000284894.8	-0.774	0.219	0.452	0.892	0.5972000000000001
chr21	21324461	21324462	TGGAGAGCCTGAGGCCCTGC	NGG	-	GGTTCTGGAGAGCCTGAGGCCCTGCAGGAA	ENST00000400546.6,ENST00000284894.8	-0.145	0.442	0.632	0.523	0.5960300000000001
chr21	21338499	21338500	AATCACTTGGAAAAGAGCTG	NGG	+	CCAGAAATCACTTGGAAAAGAGCTGTGGAT	ENST00000400546.6,ENST00000284894.8	-0.028	0.489	0.666	0.45	0.5947200000000001
chr21	21374006	21374007	GTAACTTACATTCAATATCA	NGG	-	GGAAAGTAACTTACATTCAATATCAAGGTA	ENST00000400546.6,ENST00000284894.8	-0.725	0.234	0.466	0.847	0.5917300000000001
chr21	21410316	21410317	ACAATTTATTACTCTTGGGA	NGG	+	ACCAAACAATTTATTACTCTTGGGAAGGAA	ENST00000400546.6,ENST00000284894.8	-0.244	0.404	0.604	0.551	0.58651
chr21	21324470	21324471	GGCGGGTTCTGGAGAGCCTG	NGG	-	GAGATGGCGGGTTCTGGAGAGCCTGAGGCC	ENST00000400546.6,ENST00000284894.8	-0.447	0.327	0.546	0.596	0.5625
chr21	21335661	21335662	TATAATACTTACCAAAGACT	NGG	-	TATGCTATAATACTTACCAAAGACTTGGAG	ENST00000400546.6,ENST00000284894.8	-0.359	0.36	0.571	0.519	0.55384
chr21	21324394	21324395	TTCTGAGGCATTGAGATTGC	NGG	-	AAGATTTCTGAGGCATTGAGATTGCTGGCG	ENST00000400546.6,ENST00000284894.8	-0.877	0.19	0.423	0.788	0.54345
chr21	21410333	21410334	ACATCACAACTTATATTGAT	NGG	-	ATTTCACATCACAACTTATATTGATAGGAT	ENST00000400546.6,ENST00000284894.8	-1.223	0.111	0.324	0.987	0.54279
chr21	21373939	21373940	GATGTGAAGTTGTCAGATTC	NGG	+	TTAAAGATGTGAAGTTGTCAGATTCAGGGA	ENST00000400546.6,ENST00000284894.8	-0.885	0.188	0.421	0.761	0.5332
chr21	21410311	21410312	ACCAAACAATTTATTACTCT	NGG	+	ATCAAACCAAACAATTTATTACTCTTGGGA	ENST00000400546.6,ENST00000284894.8	-1.287	0.099	0.306	0.98	0.52842
chr21	21338431	21338432	AATGAAACTACATATGAGAA	NGG	+	TTAAAAATGAAACTACATATGAGAATGGTC	ENST00000400546.6,ENST00000284894.8	-0.265	0.396	0.598	0.387	0.52837
chr21	21324456	21324457	AAGAAATGACATTTTCCTGC	NGG	+	AGGAGAAGAAATGACATTTTCCTGCAGGGC	ENST00000400546.6,ENST00000284894.8	-0.969	0.166	0.397	0.795	0.52834
chr21	21292196	21292197	TGAAGGAAGAGTGGAGGCCA	NGG	+	AGATGTGAAGGAAGAGTGGAGGCCAGGGGA	ENST00000400546.6,ENST00000284894.8	-0.595	0.276	0.504	0.561	0.52281
chr21	21338478	21338479	TTCCAAGTGATTTCTGGAAT	NGG	-	CTCTTTTCCAAGTGATTTCTGGAATAGGCT	ENST00000400546.6,ENST00000284894.8	-1.264	0.103	0.312	0.922	0.5133000000000001
chr21	21373940	21373941	ATGTGAAGTTGTCAGATTCA	NGG	+	TAAAGATGTGAAGTTGTCAGATTCAGGGAG	ENST00000400546.6,ENST00000284894.8	-1.147	0.126	0.346	0.843	0.51001
chr21	21373880	21373881	GCTGCCCTTTGACTTCGATA	NGG	-	TCCATGCTGCCCTTTGACTTCGATACGGCC	ENST00000400546.6,ENST00000284894.8	-1.422	0.078	0.267	1.0	0.5088900000000001
chr21	21324431	21324432	TTTAATGCCACAGCAGAGAG	NGG	+	AATCTTTTAATGCCACAGCAGAGAGAGGAG	ENST00000400546.6,ENST00000284894.8	-0.877	0.19	0.423	0.683	0.5088
chr21	20998590	20998591	TCCTCTCCTTCTACCTGCTG	NGG	+	CCTCCTCCTCTCCTTCTACCTGCTGGGGTT	ENST00000400546.6	-0.791	0.214	0.448	0.604	0.49948000000000004
chr21	21335660	21335661	CAAGCTTTCCTCCAAGTCTT	NGG	+	AAAAGCAAGCTTTCCTCCAAGTCTTTGGTA	ENST00000400546.6,ENST00000284894.8	-0.88	0.189	0.422	0.597	0.47975
chr21	21335621	21335622	ATCTTCTCCTGCCTTATTTG	NGG	-	TTTTCATCTTCTCCTGCCTTATTTGTGGCC	ENST00000400546.6,ENST00000284894.8	-1.672	0.047	0.196	0.985	0.45637000000000005
chr21	20998589	20998590	CTCCTCTCCTTCTACCTGCT	NGG	+	GCCTCCTCCTCTCCTTCTACCTGCTGGGGT	ENST00000400546.6	-0.737	0.231	0.463	0.421	0.44914000000000004
chr21	21410285	21410286	GTTTGGTTTGATATAAACTT	NGG	-	AAATTGTTTGGTTTGATATAAACTTGGGGG	ENST00000400546.6,ENST00000284894.8	-1.074	0.141	0.367	0.566	0.43267
chr21	21324409	21324410	GTGGCATTAAAAGATTTCTG	NGG	-	CTGCTGTGGCATTAAAAGATTTCTGAGGCA	ENST00000400546.6,ENST00000284894.8	-1.135	0.128	0.349	0.588	0.42787
chr21	21410284	21410285	TTTGGTTTGATATAAACTTG	NGG	-	AATTGTTTGGTTTGATATAAACTTGGGGGC	ENST00000400546.6,ENST00000284894.8	-0.715	0.237	0.469	0.315	0.41818
chr21	21292222	21292223	TAACAATAACAATGATATCA	NGG	-	ACCATTAACAATAACAATGATATCACGGAA	ENST00000400546.6,ENST00000284894.8	-1.045	0.148	0.375	0.446	0.39843000000000006
chr21	21292236	21292237	GATATCATTGTTATTGTTAA	NGG	+	TCCGTGATATCATTGTTATTGTTAATGGTA	ENST00000400546.6,ENST00000284894.8	-1.576	0.058	0.223	0.754	0.39823000000000003
chr21	21324428	21324429	TTCTTCTCCTCTCTCTGCTG	NGG	-	GTCATTTCTTCTCCTCTCTCTGCTGTGGCA	ENST00000400546.6,ENST00000284894.8	-1.167	0.122	0.34	0.506	0.39478
chr21	21410286	21410287	TGTTTGGTTTGATATAAACT	NGG	-	TAAATTGTTTGGTTTGATATAAACTTGGGG	ENST00000400546.6,ENST00000284894.8	-1.549	0.061	0.231	0.701	0.3861
chr21	21324464	21324465	ACATTTTCCTGCAGGGCCTC	NGG	+	AAATGACATTTTCCTGCAGGGCCTCAGGCT	ENST00000400546.6,ENST00000284894.8	-1.356	0.088	0.286	0.582	0.38368
chr21	21324457	21324458	AGAAATGACATTTTCCTGCA	NGG	+	GGAGAAGAAATGACATTTTCCTGCAGGGCC	ENST00000400546.6,ENST00000284894.8	-1.649	0.05	0.203	0.723	0.37460000000000004
chr21	21410312	21410313	CCAAACAATTTATTACTCTT	NGG	+	TCAAACCAAACAATTTATTACTCTTGGGAA	ENST00000400546.6,ENST00000284894.8	-1.952	0.025	0.116	0.838	0.35426
chr21	21338484	21338485	GCTCTTTTCCAAGTGATTTC	NGG	-	CCACAGCTCTTTTCCAAGTGATTTCTGGAA	ENST00000400546.6,ENST00000284894.8	-2.358	0.009	0.0	0.96	0.3168
chr21	21338400	21338401	TTTTTAAGCTGTATTATGTG	NGG	-	TTTCATTTTTAAGCTGTATTATGTGAGGCT	ENST00000400546.6,ENST00000284894.8	-1.864	0.031	0.141	0.418	0.23241
chr21	21335504	21335505	TCTTTTTTCTTCTTTAGGAA	NGG	+	GAACCTCTTTTTTCTTCTTTAGGAATGGCA	ENST00000400546.6,ENST00000284894.8	-1.817	0.035	0.155	0.189	0.16622
