index	chr	start	stop	sequence	pam	strand	context	rs3_z_score	rs3_percentile	rs3_score_norm	specificity	combined_score	tscripts
0	chr21	20998593	20998594	TACTGACAAGCAACCCCAGC	NGG	-	CCCGCTACTGACAAGCAACCCCAGCAGGTA	0.753	0.774	0.889	1.0	0.92563	ENST00000400546.6
1	chr21	20998613	20998614	TTGCTTGTCAGTAGCGGGCA	NGG	+	TGGGGTTGCTTGTCAGTAGCGGGCAAGGTA	0.303	0.619	0.76	1.0	0.8392	ENST00000400546.6
2	chr21	21324382	21324383	GAGATTGCTGGCGGCACTGA	NGG	-	GCATTGAGATTGCTGGCGGCACTGAAGGAG	0.411	0.659	0.791	1.0	0.8599700000000001	ENST00000400546.6,ENST00000284894.8
3	chr21	21335568	21335569	GCAATACAGAACTCACTGTC	NGG	+	AGGGAGCAATACAGAACTCACTGTCAGGAA	0.303	0.619	0.76	1.0	0.8392	ENST00000400546.6,ENST00000284894.8
4	chr21	21335607	21335608	ATGGTGGTCCTTATGTCTGC	NGG	+	TAGTGATGGTGGTCCTTATGTCTGCAGGGC	0.663	0.746	0.863	0.864	0.8633299999999999	ENST00000400546.6,ENST00000284894.8
5	chr21	21338462	21338463	CACTCGTATGTGATGCGGAA	NGG	+	AGTCACACTCGTATGTGATGCGGAAGGGGA	0.731	0.768	0.882	1.0	0.9209400000000001	ENST00000400546.6,ENST00000284894.8
6	chr21	21338521	21338522	GATGGCTTCACGTTCACTGA	NGG	+	CTGTGGATGGCTTCACGTTCACTGAAGGCG	1.143	0.873	1.0	1.0	1.0	ENST00000400546.6,ENST00000284894.8
7	chr21	21373867	21373868	CGATGTAAACAGAGCCTGGA	NGG	+	TGAATCGATGTAAACAGAGCCTGGACGGCC	0.85	0.802	0.916	1.0	0.9437200000000001	ENST00000400546.6,ENST00000284894.8
8	chr21	21373885	21373886	GACGGCCGTATCGAAGTCAA	NGG	+	GCCTGGACGGCCGTATCGAAGTCAAAGGGC	0.456	0.676	0.804	1.0	0.8686800000000001	ENST00000400546.6,ENST00000284894.8
9	chr21	21373886	21373887	ACGGCCGTATCGAAGTCAAA	NGG	+	CCTGGACGGCCGTATCGAAGTCAAAGGGCA	0.321	0.626	0.765	1.0	0.8425500000000001	ENST00000400546.6,ENST00000284894.8
